[
  {
    "model": "admin.logentry",
    "pk": 1,
    "fields": {
      "action_time": "2023-12-22T13:39:54.832Z",
      "user": 1,
      "content_type": 9,
      "object_id": "1",
      "object_repr": "Derevo",
      "action_flag": 1,
      "change_message": "[{\"added\": {}}]"
    }
  },
  {
    "model": "admin.logentry",
    "pk": 2,
    "fields": {
      "action_time": "2023-12-22T13:40:01.435Z",
      "user": 1,
      "content_type": 9,
      "object_id": "2",
      "object_repr": "Fanera",
      "action_flag": 1,
      "change_message": "[{\"added\": {}}]"
    }
  },
  {
    "model": "admin.logentry",
    "pk": 3,
    "fields": {
      "action_time": "2023-12-22T13:40:18.923Z",
      "user": 1,
      "content_type": 12,
      "object_id": "1",
      "object_repr": "Toys",
      "action_flag": 1,
      "change_message": "[{\"added\": {}}]"
    }
  },
  {
    "model": "admin.logentry",
    "pk": 4,
    "fields": {
      "action_time": "2023-12-22T13:40:29.578Z",
      "user": 1,
      "content_type": 12,
      "object_id": "2",
      "object_repr": "Kitchen",
      "action_flag": 1,
      "change_message": "[{\"added\": {}}]"
    }
  },
  {
    "model": "admin.logentry",
    "pk": 5,
    "fields": {
      "action_time": "2023-12-22T13:40:39.540Z",
      "user": 1,
      "content_type": 12,
      "object_id": "3",
      "object_repr": "Packaging",
      "action_flag": 1,
      "change_message": "[{\"added\": {}}]"
    }
  },
  {
    "model": "admin.logentry",
    "pk": 6,
    "fields": {
      "action_time": "2023-12-22T13:41:03.564Z",
      "user": 1,
      "content_type": 12,
      "object_id": "4",
      "object_repr": "Fanera Toys",
      "action_flag": 1,
      "change_message": "[{\"added\": {}}]"
    }
  },
  {
    "model": "admin.logentry",
    "pk": 7,
    "fields": {
      "action_time": "2023-12-22T13:42:04.503Z",
      "user": 1,
      "content_type": 10,
      "object_id": "1",
      "object_repr": "Product 1",
      "action_flag": 1,
      "change_message": "[{\"added\": {}}]"
    }
  },
  {
    "model": "admin.logentry",
    "pk": 8,
    "fields": {
      "action_time": "2023-12-22T13:42:53.125Z",
      "user": 1,
      "content_type": 10,
      "object_id": "2",
      "object_repr": "product 2",
      "action_flag": 1,
      "change_message": "[{\"added\": {}}, {\"added\": {\"name\": \"product image\", \"object\": \"ProductImage object (1)\"}}, {\"added\": {\"name\": \"product image\", \"object\": \"ProductImage object (2)\"}}]"
    }
  },
  {
    "model": "admin.logentry",
    "pk": 9,
    "fields": {
      "action_time": "2023-12-22T13:47:52.224Z",
      "user": 1,
      "content_type": 10,
      "object_id": "1",
      "object_repr": "Product 1",
      "action_flag": 2,
      "change_message": "[{\"added\": {\"name\": \"product image\", \"object\": \"ProductImage object (3)\"}}, {\"added\": {\"name\": \"product image\", \"object\": \"ProductImage object (4)\"}}]"
    }
  },
  {
    "model": "admin.logentry",
    "pk": 10,
    "fields": {
      "action_time": "2023-12-24T07:36:34.851Z",
      "user": 1,
      "content_type": 10,
      "object_id": "1",
      "object_repr": "Product 1",
      "action_flag": 3,
      "change_message": ""
    }
  },
  {
    "model": "admin.logentry",
    "pk": 11,
    "fields": {
      "action_time": "2023-12-24T07:36:34.864Z",
      "user": 1,
      "content_type": 10,
      "object_id": "2",
      "object_repr": "product 2",
      "action_flag": 3,
      "change_message": ""
    }
  },
  {
    "model": "admin.logentry",
    "pk": 12,
    "fields": {
      "action_time": "2023-12-24T07:36:43.639Z",
      "user": 1,
      "content_type": 12,
      "object_id": "4",
      "object_repr": "Fanera Toys",
      "action_flag": 3,
      "change_message": ""
    }
  },
  {
    "model": "admin.logentry",
    "pk": 13,
    "fields": {
      "action_time": "2023-12-24T07:36:43.646Z",
      "user": 1,
      "content_type": 12,
      "object_id": "2",
      "object_repr": "Kitchen",
      "action_flag": 3,
      "change_message": ""
    }
  },
  {
    "model": "admin.logentry",
    "pk": 14,
    "fields": {
      "action_time": "2023-12-24T07:36:43.651Z",
      "user": 1,
      "content_type": 12,
      "object_id": "3",
      "object_repr": "Packaging",
      "action_flag": 3,
      "change_message": ""
    }
  },
  {
    "model": "admin.logentry",
    "pk": 15,
    "fields": {
      "action_time": "2023-12-24T07:36:43.656Z",
      "user": 1,
      "content_type": 12,
      "object_id": "1",
      "object_repr": "Toys",
      "action_flag": 3,
      "change_message": ""
    }
  },
  {
    "model": "admin.logentry",
    "pk": 16,
    "fields": {
      "action_time": "2023-12-24T07:36:55.904Z",
      "user": 1,
      "content_type": 9,
      "object_id": "1",
      "object_repr": "Derevo",
      "action_flag": 3,
      "change_message": ""
    }
  },
  {
    "model": "admin.logentry",
    "pk": 17,
    "fields": {
      "action_time": "2023-12-24T07:36:55.913Z",
      "user": 1,
      "content_type": 9,
      "object_id": "2",
      "object_repr": "Fanera",
      "action_flag": 3,
      "change_message": ""
    }
  },
  {
    "model": "admin.logentry",
    "pk": 18,
    "fields": {
      "action_time": "2023-12-24T07:39:48.761Z",
      "user": 1,
      "content_type": 9,
      "object_id": "3",
      "object_repr": "Вироби з дерева",
      "action_flag": 1,
      "change_message": "[{\"added\": {}}]"
    }
  },
  {
    "model": "admin.logentry",
    "pk": 19,
    "fields": {
      "action_time": "2023-12-24T07:40:03.157Z",
      "user": 1,
      "content_type": 9,
      "object_id": "4",
      "object_repr": "Вироби з фанери",
      "action_flag": 1,
      "change_message": "[{\"added\": {}}]"
    }
  },
  {
    "model": "admin.logentry",
    "pk": 20,
    "fields": {
      "action_time": "2023-12-24T07:49:59.143Z",
      "user": 1,
      "content_type": 12,
      "object_id": "5",
      "object_repr": "Упаковка(Вироби з фанери)",
      "action_flag": 1,
      "change_message": "[{\"added\": {}}]"
    }
  },
  {
    "model": "admin.logentry",
    "pk": 21,
    "fields": {
      "action_time": "2023-12-24T07:52:43.602Z",
      "user": 1,
      "content_type": 10,
      "object_id": "3",
      "object_repr": "Пенал \"Standart\"",
      "action_flag": 1,
      "change_message": "[{\"added\": {}}, {\"added\": {\"name\": \"product image\", \"object\": \"ProductImage object (5)\"}}, {\"added\": {\"name\": \"product image\", \"object\": \"ProductImage object (6)\"}}]"
    }
  },
  {
    "model": "admin.logentry",
    "pk": 22,
    "fields": {
      "action_time": "2023-12-24T07:55:35.025Z",
      "user": 1,
      "content_type": 12,
      "object_id": "6",
      "object_repr": "Ящики(Вироби з фанери)",
      "action_flag": 1,
      "change_message": "[{\"added\": {}}]"
    }
  },
  {
    "model": "admin.logentry",
    "pk": 23,
    "fields": {
      "action_time": "2023-12-24T07:56:04.239Z",
      "user": 1,
      "content_type": 12,
      "object_id": "7",
      "object_repr": "Дошки для нарізання(Вироби з дерева)",
      "action_flag": 1,
      "change_message": "[{\"added\": {}}]"
    }
  },
  {
    "model": "admin.logentry",
    "pk": 24,
    "fields": {
      "action_time": "2023-12-24T07:57:02.060Z",
      "user": 1,
      "content_type": 12,
      "object_id": "8",
      "object_repr": "Меблі(Вироби з дерева)",
      "action_flag": 1,
      "change_message": "[{\"added\": {}}]"
    }
  },
  {
    "model": "admin.logentry",
    "pk": 25,
    "fields": {
      "action_time": "2023-12-24T07:58:50.010Z",
      "user": 1,
      "content_type": 10,
      "object_id": "4",
      "object_repr": "Пенал з відділенням \"Standart Plus\"",
      "action_flag": 1,
      "change_message": "[{\"added\": {}}, {\"added\": {\"name\": \"product image\", \"object\": \"ProductImage object (7)\"}}, {\"added\": {\"name\": \"product image\", \"object\": \"ProductImage object (8)\"}}]"
    }
  },
  {
    "model": "admin.logentry",
    "pk": 26,
    "fields": {
      "action_time": "2023-12-24T08:00:15.905Z",
      "user": 1,
      "content_type": 10,
      "object_id": "5",
      "object_repr": "Пенал з відділннями \"Standart Maxi\"",
      "action_flag": 1,
      "change_message": "[{\"added\": {}}, {\"added\": {\"name\": \"product image\", \"object\": \"ProductImage object (9)\"}}, {\"added\": {\"name\": \"product image\", \"object\": \"ProductImage object (10)\"}}]"
    }
  },
  {
    "model": "admin.logentry",
    "pk": 27,
    "fields": {
      "action_time": "2023-12-24T08:08:06.255Z",
      "user": 1,
      "content_type": 10,
      "object_id": "6",
      "object_repr": "Пенал для однієї пляшки \"Wine\"",
      "action_flag": 1,
      "change_message": "[{\"added\": {}}, {\"added\": {\"name\": \"product image\", \"object\": \"ProductImage object (11)\"}}, {\"added\": {\"name\": \"product image\", \"object\": \"ProductImage object (12)\"}}]"
    }
  },
  {
    "model": "admin.logentry",
    "pk": 28,
    "fields": {
      "action_time": "2023-12-24T08:09:09.371Z",
      "user": 1,
      "content_type": 10,
      "object_id": "7",
      "object_repr": "Ящик “Rustic\"",
      "action_flag": 1,
      "change_message": "[{\"added\": {}}, {\"added\": {\"name\": \"product image\", \"object\": \"ProductImage object (13)\"}}, {\"added\": {\"name\": \"product image\", \"object\": \"ProductImage object (14)\"}}]"
    }
  },
  {
    "model": "admin.logentry",
    "pk": 29,
    "fields": {
      "action_time": "2023-12-24T08:10:11.332Z",
      "user": 1,
      "content_type": 10,
      "object_id": "8",
      "object_repr": "Пенал для двох пляшок \"Wine Plus\"",
      "action_flag": 1,
      "change_message": "[{\"added\": {}}, {\"added\": {\"name\": \"product image\", \"object\": \"ProductImage object (15)\"}}, {\"added\": {\"name\": \"product image\", \"object\": \"ProductImage object (16)\"}}]"
    }
  },
  {
    "model": "admin.logentry",
    "pk": 30,
    "fields": {
      "action_time": "2023-12-24T08:11:14.318Z",
      "user": 1,
      "content_type": 10,
      "object_id": "9",
      "object_repr": "Пенал для трьох пляшок \"Wine Maxi\"",
      "action_flag": 1,
      "change_message": "[{\"added\": {}}, {\"added\": {\"name\": \"product image\", \"object\": \"ProductImage object (17)\"}}, {\"added\": {\"name\": \"product image\", \"object\": \"ProductImage object (18)\"}}]"
    }
  },
  {
    "model": "admin.logentry",
    "pk": 31,
    "fields": {
      "action_time": "2023-12-24T08:12:04.616Z",
      "user": 1,
      "content_type": 10,
      "object_id": "10",
      "object_repr": "Пенал з ажурною кришкою \"Ajour\"",
      "action_flag": 1,
      "change_message": "[{\"added\": {}}, {\"added\": {\"name\": \"product image\", \"object\": \"ProductImage object (19)\"}}, {\"added\": {\"name\": \"product image\", \"object\": \"ProductImage object (20)\"}}]"
    }
  },
  {
    "model": "admin.logentry",
    "pk": 32,
    "fields": {
      "action_time": "2023-12-24T08:13:46.975Z",
      "user": 1,
      "content_type": 10,
      "object_id": "11",
      "object_repr": "Дошка дерев’яна",
      "action_flag": 1,
      "change_message": "[{\"added\": {}}, {\"added\": {\"name\": \"product image\", \"object\": \"ProductImage object (21)\"}}]"
    }
  },
  {
    "model": "admin.logentry",
    "pk": 33,
    "fields": {
      "action_time": "2023-12-24T08:16:12.603Z",
      "user": 1,
      "content_type": 10,
      "object_id": "12",
      "object_repr": "Штендер рекламний",
      "action_flag": 1,
      "change_message": "[{\"added\": {}}]"
    }
  },
  {
    "model": "admin.logentry",
    "pk": 34,
    "fields": {
      "action_time": "2023-12-24T08:18:32.378Z",
      "user": 1,
      "content_type": 10,
      "object_id": "13",
      "object_repr": "Дошка для нарізання \"М'ясник\"",
      "action_flag": 1,
      "change_message": "[{\"added\": {}}]"
    }
  },
  {
    "model": "admin.logentry",
    "pk": 35,
    "fields": {
      "action_time": "2023-12-24T08:20:52.021Z",
      "user": 1,
      "content_type": 10,
      "object_id": "14",
      "object_repr": "Ящик \"Ukrainstic\"",
      "action_flag": 1,
      "change_message": "[{\"added\": {}}, {\"added\": {\"name\": \"product image\", \"object\": \"ProductImage object (22)\"}}]"
    }
  },
  {
    "model": "admin.logentry",
    "pk": 36,
    "fields": {
      "action_time": "2023-12-24T08:25:49.709Z",
      "user": 1,
      "content_type": 10,
      "object_id": "15",
      "object_repr": "Стелаж \"Maxi\"",
      "action_flag": 1,
      "change_message": "[{\"added\": {}}, {\"added\": {\"name\": \"product image\", \"object\": \"ProductImage object (23)\"}}]"
    }
  },
  {
    "model": "admin.logentry",
    "pk": 37,
    "fields": {
      "action_time": "2023-12-24T08:27:34.835Z",
      "user": 1,
      "content_type": 10,
      "object_id": "16",
      "object_repr": "Стелаж \"Maxi Plus\"",
      "action_flag": 1,
      "change_message": "[{\"added\": {}}, {\"added\": {\"name\": \"product image\", \"object\": \"ProductImage object (24)\"}}]"
    }
  },
  {
    "model": "admin.logentry",
    "pk": 38,
    "fields": {
      "action_time": "2023-12-24T08:28:32.609Z",
      "user": 1,
      "content_type": 10,
      "object_id": "17",
      "object_repr": "Стелаж \"Mini\"",
      "action_flag": 1,
      "change_message": "[{\"added\": {}}, {\"added\": {\"name\": \"product image\", \"object\": \"ProductImage object (25)\"}}]"
    }
  },
  {
    "model": "auth.permission",
    "pk": 1,
    "fields": {
      "name": "Can add log entry",
      "content_type": 1,
      "codename": "add_logentry"
    }
  },
  {
    "model": "auth.permission",
    "pk": 2,
    "fields": {
      "name": "Can change log entry",
      "content_type": 1,
      "codename": "change_logentry"
    }
  },
  {
    "model": "auth.permission",
    "pk": 3,
    "fields": {
      "name": "Can delete log entry",
      "content_type": 1,
      "codename": "delete_logentry"
    }
  },
  {
    "model": "auth.permission",
    "pk": 4,
    "fields": {
      "name": "Can view log entry",
      "content_type": 1,
      "codename": "view_logentry"
    }
  },
  {
    "model": "auth.permission",
    "pk": 5,
    "fields": {
      "name": "Can add permission",
      "content_type": 2,
      "codename": "add_permission"
    }
  },
  {
    "model": "auth.permission",
    "pk": 6,
    "fields": {
      "name": "Can change permission",
      "content_type": 2,
      "codename": "change_permission"
    }
  },
  {
    "model": "auth.permission",
    "pk": 7,
    "fields": {
      "name": "Can delete permission",
      "content_type": 2,
      "codename": "delete_permission"
    }
  },
  {
    "model": "auth.permission",
    "pk": 8,
    "fields": {
      "name": "Can view permission",
      "content_type": 2,
      "codename": "view_permission"
    }
  },
  {
    "model": "auth.permission",
    "pk": 9,
    "fields": {
      "name": "Can add group",
      "content_type": 3,
      "codename": "add_group"
    }
  },
  {
    "model": "auth.permission",
    "pk": 10,
    "fields": {
      "name": "Can change group",
      "content_type": 3,
      "codename": "change_group"
    }
  },
  {
    "model": "auth.permission",
    "pk": 11,
    "fields": {
      "name": "Can delete group",
      "content_type": 3,
      "codename": "delete_group"
    }
  },
  {
    "model": "auth.permission",
    "pk": 12,
    "fields": {
      "name": "Can view group",
      "content_type": 3,
      "codename": "view_group"
    }
  },
  {
    "model": "auth.permission",
    "pk": 13,
    "fields": {
      "name": "Can add content type",
      "content_type": 4,
      "codename": "add_contenttype"
    }
  },
  {
    "model": "auth.permission",
    "pk": 14,
    "fields": {
      "name": "Can change content type",
      "content_type": 4,
      "codename": "change_contenttype"
    }
  },
  {
    "model": "auth.permission",
    "pk": 15,
    "fields": {
      "name": "Can delete content type",
      "content_type": 4,
      "codename": "delete_contenttype"
    }
  },
  {
    "model": "auth.permission",
    "pk": 16,
    "fields": {
      "name": "Can view content type",
      "content_type": 4,
      "codename": "view_contenttype"
    }
  },
  {
    "model": "auth.permission",
    "pk": 17,
    "fields": {
      "name": "Can add session",
      "content_type": 5,
      "codename": "add_session"
    }
  },
  {
    "model": "auth.permission",
    "pk": 18,
    "fields": {
      "name": "Can change session",
      "content_type": 5,
      "codename": "change_session"
    }
  },
  {
    "model": "auth.permission",
    "pk": 19,
    "fields": {
      "name": "Can delete session",
      "content_type": 5,
      "codename": "delete_session"
    }
  },
  {
    "model": "auth.permission",
    "pk": 20,
    "fields": {
      "name": "Can view session",
      "content_type": 5,
      "codename": "view_session"
    }
  },
  {
    "model": "auth.permission",
    "pk": 21,
    "fields": {
      "name": "Can add blacklisted token",
      "content_type": 6,
      "codename": "add_blacklistedtoken"
    }
  },
  {
    "model": "auth.permission",
    "pk": 22,
    "fields": {
      "name": "Can change blacklisted token",
      "content_type": 6,
      "codename": "change_blacklistedtoken"
    }
  },
  {
    "model": "auth.permission",
    "pk": 23,
    "fields": {
      "name": "Can delete blacklisted token",
      "content_type": 6,
      "codename": "delete_blacklistedtoken"
    }
  },
  {
    "model": "auth.permission",
    "pk": 24,
    "fields": {
      "name": "Can view blacklisted token",
      "content_type": 6,
      "codename": "view_blacklistedtoken"
    }
  },
  {
    "model": "auth.permission",
    "pk": 25,
    "fields": {
      "name": "Can add outstanding token",
      "content_type": 7,
      "codename": "add_outstandingtoken"
    }
  },
  {
    "model": "auth.permission",
    "pk": 26,
    "fields": {
      "name": "Can change outstanding token",
      "content_type": 7,
      "codename": "change_outstandingtoken"
    }
  },
  {
    "model": "auth.permission",
    "pk": 27,
    "fields": {
      "name": "Can delete outstanding token",
      "content_type": 7,
      "codename": "delete_outstandingtoken"
    }
  },
  {
    "model": "auth.permission",
    "pk": 28,
    "fields": {
      "name": "Can view outstanding token",
      "content_type": 7,
      "codename": "view_outstandingtoken"
    }
  },
  {
    "model": "auth.permission",
    "pk": 29,
    "fields": {
      "name": "Can add user",
      "content_type": 8,
      "codename": "add_user"
    }
  },
  {
    "model": "auth.permission",
    "pk": 30,
    "fields": {
      "name": "Can change user",
      "content_type": 8,
      "codename": "change_user"
    }
  },
  {
    "model": "auth.permission",
    "pk": 31,
    "fields": {
      "name": "Can delete user",
      "content_type": 8,
      "codename": "delete_user"
    }
  },
  {
    "model": "auth.permission",
    "pk": 32,
    "fields": {
      "name": "Can view user",
      "content_type": 8,
      "codename": "view_user"
    }
  },
  {
    "model": "auth.permission",
    "pk": 33,
    "fields": {
      "name": "Can add category",
      "content_type": 9,
      "codename": "add_category"
    }
  },
  {
    "model": "auth.permission",
    "pk": 34,
    "fields": {
      "name": "Can change category",
      "content_type": 9,
      "codename": "change_category"
    }
  },
  {
    "model": "auth.permission",
    "pk": 35,
    "fields": {
      "name": "Can delete category",
      "content_type": 9,
      "codename": "delete_category"
    }
  },
  {
    "model": "auth.permission",
    "pk": 36,
    "fields": {
      "name": "Can view category",
      "content_type": 9,
      "codename": "view_category"
    }
  },
  {
    "model": "auth.permission",
    "pk": 37,
    "fields": {
      "name": "Can add product",
      "content_type": 10,
      "codename": "add_product"
    }
  },
  {
    "model": "auth.permission",
    "pk": 38,
    "fields": {
      "name": "Can change product",
      "content_type": 10,
      "codename": "change_product"
    }
  },
  {
    "model": "auth.permission",
    "pk": 39,
    "fields": {
      "name": "Can delete product",
      "content_type": 10,
      "codename": "delete_product"
    }
  },
  {
    "model": "auth.permission",
    "pk": 40,
    "fields": {
      "name": "Can view product",
      "content_type": 10,
      "codename": "view_product"
    }
  },
  {
    "model": "auth.permission",
    "pk": 41,
    "fields": {
      "name": "Can add product image",
      "content_type": 11,
      "codename": "add_productimage"
    }
  },
  {
    "model": "auth.permission",
    "pk": 42,
    "fields": {
      "name": "Can change product image",
      "content_type": 11,
      "codename": "change_productimage"
    }
  },
  {
    "model": "auth.permission",
    "pk": 43,
    "fields": {
      "name": "Can delete product image",
      "content_type": 11,
      "codename": "delete_productimage"
    }
  },
  {
    "model": "auth.permission",
    "pk": 44,
    "fields": {
      "name": "Can view product image",
      "content_type": 11,
      "codename": "view_productimage"
    }
  },
  {
    "model": "auth.permission",
    "pk": 45,
    "fields": {
      "name": "Can add subcategory",
      "content_type": 12,
      "codename": "add_subcategory"
    }
  },
  {
    "model": "auth.permission",
    "pk": 46,
    "fields": {
      "name": "Can change subcategory",
      "content_type": 12,
      "codename": "change_subcategory"
    }
  },
  {
    "model": "auth.permission",
    "pk": 47,
    "fields": {
      "name": "Can delete subcategory",
      "content_type": 12,
      "codename": "delete_subcategory"
    }
  },
  {
    "model": "auth.permission",
    "pk": 48,
    "fields": {
      "name": "Can view subcategory",
      "content_type": 12,
      "codename": "view_subcategory"
    }
  },
  {
    "model": "contenttypes.contenttype",
    "pk": 1,
    "fields": {
      "app_label": "admin",
      "model": "logentry"
    }
  },
  {
    "model": "contenttypes.contenttype",
    "pk": 2,
    "fields": {
      "app_label": "auth",
      "model": "permission"
    }
  },
  {
    "model": "contenttypes.contenttype",
    "pk": 3,
    "fields": {
      "app_label": "auth",
      "model": "group"
    }
  },
  {
    "model": "contenttypes.contenttype",
    "pk": 4,
    "fields": {
      "app_label": "contenttypes",
      "model": "contenttype"
    }
  },
  {
    "model": "contenttypes.contenttype",
    "pk": 5,
    "fields": {
      "app_label": "sessions",
      "model": "session"
    }
  },
  {
    "model": "contenttypes.contenttype",
    "pk": 6,
    "fields": {
      "app_label": "token_blacklist",
      "model": "blacklistedtoken"
    }
  },
  {
    "model": "contenttypes.contenttype",
    "pk": 7,
    "fields": {
      "app_label": "token_blacklist",
      "model": "outstandingtoken"
    }
  },
  {
    "model": "contenttypes.contenttype",
    "pk": 8,
    "fields": {
      "app_label": "user",
      "model": "user"
    }
  },
  {
    "model": "contenttypes.contenttype",
    "pk": 9,
    "fields": {
      "app_label": "shop",
      "model": "category"
    }
  },
  {
    "model": "contenttypes.contenttype",
    "pk": 10,
    "fields": {
      "app_label": "shop",
      "model": "product"
    }
  },
  {
    "model": "contenttypes.contenttype",
    "pk": 11,
    "fields": {
      "app_label": "shop",
      "model": "productimage"
    }
  },
  {
    "model": "contenttypes.contenttype",
    "pk": 12,
    "fields": {
      "app_label": "shop",
      "model": "subcategory"
    }
  },
  {
    "model": "sessions.session",
    "pk": "sfezbio1muz7oau1c43pqlngqi1jsijc",
    "fields": {
      "session_data": ".eJxVjMEOwiAQRP-FsyHgCgsevfsNZJdFqRqalPZk_HfbpAe9Tea9mbdKtMw1Lb1MaRB1VlYdfjum_CxtA_Kgdh91Hts8Daw3Re-06-so5XXZ3b-DSr2u62MwHow17G6CDGSxIIfogj9FA7KmLF4QEG0UzN5DJBcDGwInGIr6fAG1iTbW:1rGeSA:cgrDC04iulFzd9CVPjMte7SXS-HZe25K9ZRskGMYOk0",
      "expire_date": "2024-01-05T12:16:34.295Z"
    }
  },
  {
    "model": "user.user",
    "pk": 1,
    "fields": {
      "password": "pbkdf2_sha256$720000$52zQm0w5CVIjUDw3EENucc$tone1BLP3ZDa5/fkUa52/8qfKs7CDgnBAe2cYEemjjM=",
      "last_login": "2023-12-22T12:16:34.274Z",
      "is_superuser": true,
      "first_name": "",
      "last_name": "",
      "is_staff": true,
      "is_active": true,
      "date_joined": "2023-12-22T12:15:57.067Z",
      "email": "admin@cherwood.com",
      "groups": [],
      "user_permissions": []
    }
  },
  {
    "model": "shop.category",
    "pk": 3,
    "fields": {
      "name": "Вироби з дерева",
      "image": "uploads/images/categories/Вироби_з_дерева-1cebe3a6-3587-405d-91a6-67a53cdc1a0d.jpg"
    }
  },
  {
    "model": "shop.category",
    "pk": 4,
    "fields": {
      "name": "Вироби з фанери",
      "image": "uploads/images/categories/Вироби_з_фанери-c1abf3a1-3601-4452-b76a-352cfcf9a065.jpg"
    }
  },
  {
    "model": "shop.subcategory",
    "pk": 5,
    "fields": {
      "name": "Упаковка",
      "image": "uploads/images/subcategories/Упаковка-605ae3bb-1638-4511-870b-bd58e969f6db.jpg",
      "category": 4
    }
  },
  {
    "model": "shop.subcategory",
    "pk": 6,
    "fields": {
      "name": "Ящики",
      "image": "uploads/images/subcategories/Ящики-caf43a34-7b9e-4e2b-9ed7-2b8ae0a1cdce.jpg",
      "category": 4
    }
  },
  {
    "model": "shop.subcategory",
    "pk": 7,
    "fields": {
      "name": "Дошки для нарізання",
      "image": "uploads/images/subcategories/Дошки_для_нарізання-294aa76f-7f6a-455d-86fe-a22ffdb5e225.jpg",
      "category": 3
    }
  },
  {
    "model": "shop.subcategory",
    "pk": 8,
    "fields": {
      "name": "Меблі",
      "image": "uploads/images/subcategories/Меблі-1f955ef0-fe6e-43d1-b3f6-042f9272c614.jpg",
      "category": 3
    }
  },
  {
    "model": "shop.product",
    "pk": 3,
    "fields": {
      "name": "Пенал \"Standart\"",
      "name_eng": "Penal \"Standart\"",
      "price": "290.00",
      "description": "Можливе нанесення напису, малюнку чи логотипу. Вартість залежить від розміру та складності, рахується окремо.",
      "description_eng": "Possible application of text, artwork, or logo. The cost depends on the size and complexity and is calculated separately.",
      "length": 34,
      "width": 25,
      "height": 10,
      "material": "фанера",
      "material_eng": "Plywood",
      "coating": "морилка на водній основі",
      "coating_eng": "Water-based wood stain",
      "additional_info": "Декоративна стружка +20грн",
      "additional_info_eng": "Decorative shavings +20 UAH",
      "category": 4,
      "subcategory": 5,
      "main_image": "uploads/images/products/main_Пенал_Standart-62f9d6fd-13e1-4613-b953-dfa756c5f85d.jpg"
    }
  },
  {
    "model": "shop.product",
    "pk": 4,
    "fields": {
      "name": "Пенал з відділенням \"Standart Plus\"",
      "name_eng": "Penal with a compartment \"Standart Plus\"",
      "price": "320.00",
      "description": "Можливе нанесення напису, малюнку чи логотипу. Вартість залежить від розміру та складності, рахується окремо.",
      "description_eng": "Possible application of text, artwork, or logo. The cost depends on the size and complexity and is calculated separately.",
      "length": 34,
      "width": 30,
      "height": 10,
      "material": "фанера",
      "material_eng": "Plywood",
      "coating": "морилка на водній основі",
      "coating_eng": "Water-based wood stain",
      "additional_info": "Декоративна стружка +20грн",
      "additional_info_eng": "Decorative shavings +20 UAH",
      "category": 4,
      "subcategory": 5,
      "main_image": "uploads/images/products/main_Пенал_з_відділенням_Standart_Plus-45a998ee-2321-4062-b6d1-3_z2btST3.jpg"
    }
  },
  {
    "model": "shop.product",
    "pk": 5,
    "fields": {
      "name": "Пенал з відділннями \"Standart Maxi\"",
      "name_eng": "Penal with a compartment \"Standart Maxi\"",
      "price": "370.00",
      "description": "Можливе нанесення напису, малюнку чи логотипу. Вартість залежить від розміру та складності, рахується окремо.",
      "description_eng": "Possible application of text, artwork, or logo. The cost depends on the size and complexity and is calculated separately.",
      "length": 34,
      "width": 35,
      "height": 10,
      "material": "фанера",
      "material_eng": "Plywood",
      "coating": "морилка на водній основі",
      "coating_eng": "Water-based wood stain",
      "additional_info": "Декоративна стружка +20грн",
      "additional_info_eng": "Decorative shavings +20 UAH",
      "category": 4,
      "subcategory": 5,
      "main_image": "uploads/images/products/main_Пенал_з_відділннями_Standart_Maxi-355a77f6-e947-461d-9b92-8_5SdfgRU.jpg"
    }
  },
  {
    "model": "shop.product",
    "pk": 6,
    "fields": {
      "name": "Пенал для однієї пляшки \"Wine\"",
      "name_eng": "Penal for one bottle \"Wine\"",
      "price": "250.00",
      "description": "Можливе нанесення напису, малюнку чи логотипу. Вартість залежить від розміру та складності, рахується окремо.",
      "description_eng": "Possible application of text, artwork, or logo. The cost depends on the size and complexity and is calculated separately.",
      "length": 34,
      "width": 12,
      "height": 10,
      "material": "фанера",
      "material_eng": "Plywood",
      "coating": "морилка на водній основі",
      "coating_eng": "Water-based wood stain",
      "additional_info": "Декоративна стружка +20грн",
      "additional_info_eng": "Decorative shavings +20 UAH",
      "category": 4,
      "subcategory": 5,
      "main_image": "uploads/images/products/main_Пенал_для_однієї_пляшки_Wine-f9d89350-7409-4dbf-ba22-c4ae5dab6cc9.jpg"
    }
  },
  {
    "model": "shop.product",
    "pk": 7,
    "fields": {
      "name": "Ящик “Rustic\"",
      "name_eng": "Box “Rustic\"",
      "price": "275.00",
      "description": "Можливе нанесення напису, малюнку чи логотипу. Вартість залежить від розміру та складності, рахується окремо.",
      "description_eng": "Possible application of text, artwork, or logo. The cost depends on the size and complexity and is calculated separately.",
      "length": 30,
      "width": 25,
      "height": 13,
      "material": "фанера",
      "material_eng": "Plywood",
      "coating": "морилка на водній основі",
      "coating_eng": "Water-based wood stain",
      "additional_info": "Декоративна стружка +20грн",
      "additional_info_eng": "Decorative shavings +20 UAH",
      "category": 4,
      "subcategory": 6,
      "main_image": "uploads/images/products/main_Ящик_Rustic-59faced1-3753-460b-81ac-59240df3a9b3.jpg"
    }
  },
  {
    "model": "shop.product",
    "pk": 8,
    "fields": {
      "name": "Пенал для двох пляшок \"Wine Plus\"",
      "name_eng": "Penal for two bottles \"Wine Plus\"",
      "price": "295.00",
      "description": "Можливе нанесення напису, малюнку чи логотипу. Вартість залежить від розміру та складності, рахується окремо.",
      "description_eng": "Possible application of text, artwork, or logo. The cost depends on the size and complexity and is calculated separately.",
      "length": 34,
      "width": 21,
      "height": 10,
      "material": "фанера",
      "material_eng": "Plywood",
      "coating": "морилка на водній основі",
      "coating_eng": "Water-based wood stain",
      "additional_info": "Декоративна стружка +20грн",
      "additional_info_eng": "Decorative shavings +20 UAH",
      "category": 4,
      "subcategory": 5,
      "main_image": "uploads/images/products/main_Пенал_для_двох_пляшок_Wine_Plus-a2b70804-0d92-4692-9e96-a7e_FEJQLcN.jpg"
    }
  },
  {
    "model": "shop.product",
    "pk": 9,
    "fields": {
      "name": "Пенал для трьох пляшок \"Wine Maxi\"",
      "name_eng": "Penal for three bottles \"Wine Maxi\"",
      "price": "355.00",
      "description": "Можливе нанесення напису, малюнку чи логотипу. Вартість залежить від розміру та складності, рахується окремо.",
      "description_eng": "Possible application of text, artwork, or logo. The cost depends on the size and complexity and is calculated separately.",
      "length": 34,
      "width": 30,
      "height": 10,
      "material": "фанера",
      "material_eng": "Plywood",
      "coating": "морилка на водній основі",
      "coating_eng": "Water-based wood stain",
      "additional_info": "Декоративна стружка +20грн",
      "additional_info_eng": "Decorative shavings +20 UAH",
      "category": 4,
      "subcategory": 5,
      "main_image": "uploads/images/products/main_Пенал_для_трьох_пляшок_Wine_Maxi-0735120f-b40c-4535-b342-80_j7NS9Kq.jpg"
    }
  },
  {
    "model": "shop.product",
    "pk": 10,
    "fields": {
      "name": "Пенал з ажурною кришкою \"Ajour\"",
      "name_eng": "Penal with a latticed lid \"Ajour\"",
      "price": "400.00",
      "description": "Можливе нанесення напису, малюнку чи логотипу. Вартість залежить від розміру та складності, рахується окремо",
      "description_eng": "Possible application of text, artwork, or logo. The cost depends on the size and complexity and is calculated separately.",
      "length": 34,
      "width": 25,
      "height": 10,
      "material": "фанера",
      "material_eng": "Plywood",
      "coating": "морилка на водній основі",
      "coating_eng": "Water-based wood stain",
      "additional_info": "Декоративна стружка +20грн",
      "additional_info_eng": "Decorative shavings +20 UAH",
      "category": 4,
      "subcategory": 5,
      "main_image": "uploads/images/products/main_Пенал_з_ажурною_кришкою_Ajour-c339cdd8-ca56-4699-ab58-4563684be852.jpg"
    }
  },
  {
    "model": "shop.product",
    "pk": 11,
    "fields": {
      "name": "Дошка дерев’яна",
      "name_eng": "Wooden desk",
      "price": "550.00",
      "description": "Можливе нанесення напису, малюнку чи логотипу. Вартість залежить від розміру та складності, рахується окремо.",
      "description_eng": "Possible application of text, artwork, or logo. The cost depends on the size and complexity and is calculated separately.",
      "length": 30,
      "width": 20,
      "height": 4,
      "material": "ясен, дуб",
      "material_eng": "Ash, oak",
      "coating": "-",
      "coating_eng": "-",
      "additional_info": "-",
      "additional_info_eng": "-",
      "category": 3,
      "subcategory": 7,
      "main_image": "uploads/images/products/main_Дошка_деревяна-b3d2f2d5-adb6-41f0-9bda-9752e6ad26e5.jpg"
    }
  },
  {
    "model": "shop.product",
    "pk": 12,
    "fields": {
      "name": "Штендер рекламний",
      "name_eng": "Advertising stand",
      "price": "590.00",
      "description": "Стильний рекламний штендер для ваших рекламних повідомлень.",
      "description_eng": "Stylish advertising stand for your promotional messages.",
      "length": 30,
      "width": 50,
      "height": 100,
      "material": "сосна",
      "material_eng": "Pine",
      "coating": "-",
      "coating_eng": "-",
      "additional_info": "під замовлення",
      "additional_info_eng": "Made to order",
      "category": 3,
      "subcategory": 8,
      "main_image": "uploads/images/products/main_Штендер_рекламний-530c71da-23e2-495e-95f3-f9000292f44b.jpg"
    }
  },
  {
    "model": "shop.product",
    "pk": 13,
    "fields": {
      "name": "Дошка для нарізання \"М'ясник\"",
      "name_eng": "Cutting Board \"Meat Master\"",
      "price": "600.00",
      "description": "Дерев'яна дошка ідеально підходить для нарізання м'яса",
      "description_eng": "Wooden cutting board, perfect for meat slicing.",
      "length": 45,
      "width": 24,
      "height": 4,
      "material": "ясен, дуб",
      "material_eng": "Ash, oak",
      "coating": "-",
      "coating_eng": "-",
      "additional_info": "-",
      "additional_info_eng": "-",
      "category": 3,
      "subcategory": 7,
      "main_image": "uploads/images/products/main_Дошка_для_нарізання_Мясник-f46ef8f3-307e-4555-a9c1-da46cc346213.jpg"
    }
  },
  {
    "model": "shop.product",
    "pk": 14,
    "fields": {
      "name": "Ящик \"Ukrainstic\"",
      "name_eng": "Box \"Ukrainstic\"",
      "price": "315.00",
      "description": "Можливе нанесення напису, малюнку чи логотипу. Вартість залежить від розміру та складності, рахується окремо.",
      "description_eng": "Possible application of text, artwork, or logo. The cost depends on the size and complexity and is calculated separately.",
      "length": 35,
      "width": 25,
      "height": 13,
      "material": "фанера",
      "material_eng": "Plywood",
      "coating": "морилка на водній основі",
      "coating_eng": "Water-based wood stain",
      "additional_info": "Декоративна стружка +20грн",
      "additional_info_eng": "Decorative shavings +20 UAH",
      "category": 4,
      "subcategory": 6,
      "main_image": "uploads/images/products/main_Ящик_Ukrainstic-c4facba2-4e55-434c-84cb-9a818d02ba9c.jpg"
    }
  },
  {
    "model": "shop.product",
    "pk": 15,
    "fields": {
      "name": "Стелаж \"Maxi\"",
      "name_eng": "Shelf \"Maxi\"",
      "price": "2600.00",
      "description": "Модний та практичний стелаж 'Maxi' для організації простору в вашому будинку або офісі.",
      "description_eng": "Stylish and practical 'Maxi' shelf for organizing space in your home or office.",
      "length": 50,
      "width": 100,
      "height": 200,
      "material": "сосна",
      "material_eng": "Pine",
      "coating": "без покриття/лак",
      "coating_eng": "without coating/varnish",
      "additional_info": "під замовлення",
      "additional_info_eng": "Made to order",
      "category": 3,
      "subcategory": 8,
      "main_image": "uploads/images/products/main_Стелаж_Maxi-767063ee-1286-4b5b-9460-b93c4d541519.jpg"
    }
  },
  {
    "model": "shop.product",
    "pk": 16,
    "fields": {
      "name": "Стелаж \"Maxi Plus\"",
      "name_eng": "Shelf \"Maxi Plus\"",
      "price": "3000.00",
      "description": "Модний та практичний стелаж 'Maxi Plus' для організації простору в вашому будинку або офісі.",
      "description_eng": "Stylish and practical 'Maxi Plus' shelf for organizing space in your home or office.",
      "length": 50,
      "width": 200,
      "height": 200,
      "material": "сосна",
      "material_eng": "Pine",
      "coating": "без покриття/лак",
      "coating_eng": "without coating/varnish",
      "additional_info": "під замовлення",
      "additional_info_eng": "Made to order",
      "category": 3,
      "subcategory": 8,
      "main_image": "uploads/images/products/main_Стелаж_Maxi_Plus-1722a531-d577-429b-821d-1877481821fd.jpg"
    }
  },
  {
    "model": "shop.product",
    "pk": 17,
    "fields": {
      "name": "Стелаж \"Mini\"",
      "name_eng": "Shelf \"Mini\"",
      "price": "2000",
      "description": "Модний та практичний стелаж 'Mini' для організації простору в вашому будинку або офісі.",
      "description_eng": "Stylish and practical 'Mini' shelf for organizing space in your home or office.",
      "length": 50,
      "width": 50,
      "height": 2000,
      "material": "сосна",
      "material_eng": "Pine",
      "coating": "без покриття/лак",
      "coating_eng": "without coating/varnish",
      "additional_info": "під замовлення",
      "additional_info_eng": "Made to order",
      "category": 3,
      "subcategory": 8,
      "main_image": "uploads/images/products/main_Стелаж_Mini-6a61d8df-8f2a-4cde-a059-8eea245316ca.jpg"
    }
  },
  {
    "model": "shop.productimage",
    "pk": 5,
    "fields": {
      "image": "uploads/images/products/Пенал_Standart-9407f473-e009-4040-a713-51c6dc81bed7.jpg",
      "product": 3
    }
  },
  {
    "model": "shop.productimage",
    "pk": 6,
    "fields": {
      "image": "uploads/images/products/Пенал_Standart-503c067e-ce91-4f40-b6e6-b1d003367ec9.jpg",
      "product": 3
    }
  },
  {
    "model": "shop.productimage",
    "pk": 7,
    "fields": {
      "image": "uploads/images/products/Пенал_з_відділенням_Standart_Plus-a602991e-4dd5-4f6a-b145-bb596e3f0ede.jpg",
      "product": 4
    }
  },
  {
    "model": "shop.productimage",
    "pk": 8,
    "fields": {
      "image": "uploads/images/products/Пенал_з_відділенням_Standart_Plus-4847bb90-9efd-4eea-9092-4b7c649826e8.jpg",
      "product": 4
    }
  },
  {
    "model": "shop.productimage",
    "pk": 9,
    "fields": {
      "image": "uploads/images/products/Пенал_з_відділннями_Standart_Maxi-7841a35e-9ea3-44a1-9268-94d7a0af039b.jpg",
      "product": 5
    }
  },
  {
    "model": "shop.productimage",
    "pk": 10,
    "fields": {
      "image": "uploads/images/products/Пенал_з_відділннями_Standart_Maxi-44e4e88f-7a77-4a47-ace1-43d1f3a9872b.jpg",
      "product": 5
    }
  },
  {
    "model": "shop.productimage",
    "pk": 11,
    "fields": {
      "image": "uploads/images/products/Пенал_для_однієї_пляшки_Wine-4f634155-3bc6-49a4-8947-28597ee0e77e.jpg",
      "product": 6
    }
  },
  {
    "model": "shop.productimage",
    "pk": 12,
    "fields": {
      "image": "uploads/images/products/Пенал_для_однієї_пляшки_Wine-39188ef0-b8e0-43ae-a7f9-beb79dc484c8.jpg",
      "product": 6
    }
  },
  {
    "model": "shop.productimage",
    "pk": 13,
    "fields": {
      "image": "uploads/images/products/Ящик_Rustic-57d742bd-4b07-4f63-a02a-87ed927349b6.jpg",
      "product": 7
    }
  },
  {
    "model": "shop.productimage",
    "pk": 14,
    "fields": {
      "image": "uploads/images/products/Ящик_Rustic-c993bb1c-0213-4e74-918c-87313028a5be.jpg",
      "product": 7
    }
  },
  {
    "model": "shop.productimage",
    "pk": 15,
    "fields": {
      "image": "uploads/images/products/Пенал_для_двох_пляшок_Wine_Plus-3158eb61-c549-4eae-8644-f50a7ddec668.jpg",
      "product": 8
    }
  },
  {
    "model": "shop.productimage",
    "pk": 16,
    "fields": {
      "image": "uploads/images/products/Пенал_для_двох_пляшок_Wine_Plus-41959241-c89d-497e-8e88-a254bdac0da8.jpg",
      "product": 8
    }
  },
  {
    "model": "shop.productimage",
    "pk": 17,
    "fields": {
      "image": "uploads/images/products/Пенал_для_трьох_пляшок_Wine_Maxi-b6471581-579b-4dd3-8e3b-610a9f44102c.jpg",
      "product": 9
    }
  },
  {
    "model": "shop.productimage",
    "pk": 18,
    "fields": {
      "image": "uploads/images/products/Пенал_для_трьох_пляшок_Wine_Maxi-ef3660ac-8636-4cbe-87f2-c82b12569ede.jpg",
      "product": 9
    }
  },
  {
    "model": "shop.productimage",
    "pk": 19,
    "fields": {
      "image": "uploads/images/products/Пенал_з_ажурною_кришкою_Ajour-1bb002be-9f28-4bac-bd88-6f20410dfd35.jpg",
      "product": 10
    }
  },
  {
    "model": "shop.productimage",
    "pk": 20,
    "fields": {
      "image": "uploads/images/products/Пенал_з_ажурною_кришкою_Ajour-e384ddb9-bff4-4343-acd0-99ea8d668c01.jpg",
      "product": 10
    }
  },
  {
    "model": "shop.productimage",
    "pk": 21,
    "fields": {
      "image": "uploads/images/products/Дошка_деревяна-0bfdd0a2-5a34-4963-8337-b12300ddede6.jpg",
      "product": 11
    }
  },
  {
    "model": "shop.productimage",
    "pk": 22,
    "fields": {
      "image": "uploads/images/products/Ящик_Ukrainstic-988bfacc-31bf-411c-b622-ae30677f3079.jpg",
      "product": 14
    }
  },
  {
    "model": "shop.productimage",
    "pk": 23,
    "fields": {
      "image": "uploads/images/products/Стелаж_Maxi-0eec536a-8605-4d7f-bd9e-a2217ac36736.jpg",
      "product": 15
    }
  },
  {
    "model": "shop.productimage",
    "pk": 24,
    "fields": {
      "image": "uploads/images/products/Стелаж_Maxi_Plus-61bbd363-bbe8-45d2-a168-d396f794911c.jpg",
      "product": 16
    }
  },
  {
    "model": "shop.productimage",
    "pk": 25,
    "fields": {
      "image": "uploads/images/products/Стелаж_Mini-c3326780-193d-4ab2-a94c-53e36f98d738.jpg",
      "product": 17
    }
  }
]